address,name
臺北市中山區南京東路2段176號11樓,一二心理諮商所
臺北市大安區忠孝東路3段54號4樓之1,中崙諮商中心心理諮商所
臺北市大安區敦化南路2段182號7樓,天力亞太心理諮商所
臺北市中正區忠孝西路1段50號13樓,可言心理諮商所
臺北市大安區新生南路1段103巷9之1號、9號6樓,拉第石心理諮商所
臺北市大安區信義路4段265巷21弄26號,格瑞思心理諮商所
臺北市中山區復興北路178號4樓之9,愛的心理諮商所
臺北市松山區八德路4段650號13樓之12,頭陀心理諮商所
臺北市大安區光復南路346巷23號4樓,聯合心理諮商所
臺北市文山區景興路258號9樓,羅吉斯心理諮商所
臺北市大安區信義路3段202號6樓之1,毛蟲藝術心理諮商所
臺北市中山區長安東路2段189號7樓之8,亞和心理諮商所
臺北市大安區東豐街7號5樓之2,啟宗心理諮商所
臺北市文山區木柵路2段62號2樓,利伯他茲心理諮商所
臺北市南港區昆陽街85號1樓,蛹之生心理諮商所
臺北市中正區南昌路2段206號7樓,心曦心理諮商所
臺北市中山區松江路289-910號,點亮心燈諮商中心心理諮商所
臺北市大安區羅斯福路2段93號24樓之1,璞成心遇空間心理諮商所
臺北市中正區羅斯福路2段198號6樓之5,暖心全人諮商中心心理諮商所
臺北市大安區四維路198巷38弄11號3樓,盼心理諮商所
臺北市大安區信義路4段155號8樓,初和心理諮商所
臺北市大安區忠孝東路3段305號5樓之2,看見心理諮商所
臺北市中正區衡陽路85號4樓之5,初衷心理諮商所
臺北市松山區南京東路4段164號4樓之4,逸想心理諮商所
臺北市松山區南京東路5段154號9樓,我們心理諮商所
臺北市萬華區成都路139號7樓,大隱心理諮商所
臺北市大安區青田街5巷16號,國立臺灣師範大學社區諮商中心心田心理諮商所
臺北市中正區金門街15號3樓,心晨心理諮商所
臺北市中山區復興北路280巷2號3樓,綻芯心理諮商所
臺北市內湖區成功路四段32號4樓,擁抱心理諮商所
臺北市中山區吉林路231號3樓,以賽亞心理諮商所
臺北市內湖區港華街57號,詠安心理諮商所
臺北市大安區和平東路二段66號6樓之1,愛心理諮商所
臺北市中正區和平西路一段17號3樓,好窩心理諮商所
臺北市士林區德行西路87號2F,思塾心理諮商所
臺北市中正區忠孝西路一段50號18F之14,小隱心理諮商所
臺北市中正區忠孝西路一段41號10樓之17,璞願心理諮商所
臺北市中山區敬業一路128巷39號4樓之2及3樓之1,蘇予昕心理諮商所
臺北市大安區忠孝東路三段305號5樓,看見心理忠孝心理諮商所
臺北市中正區寧波西街87號7樓之2,點晴心理諮商所
臺北市大同區南京西路41號8樓之2,人生設計心理諮商所
臺北市大安區和平東路2段134之18號,國立臺北教育大學心理諮商暨健康促進研究中心芳蘭心理諮商所
臺北市大安區信義路2段208號8樓,昕岸心理諮商所
臺北市大安區忠孝東路4段341號10樓之3,微光心理諮商所
臺北市中正區忠孝西路一段50號17樓之13,沐昂心理諮商所
臺北市大安區建國南路1段270巷29號1樓,竹心理諮商所
臺北市中正區博愛路76號10樓之2,擁抱心理博愛館心理諮商所
臺北市中山區中山北路三段30號3樓之2,向日葵心理諮商所
臺北市大安區敦化南路2段5號9樓之2,芳嚮心理諮商所
臺北市中山區民生東路1段42號11樓之2,舒心心理諮商所
臺北市北投區西安街1段165巷9弄1號1樓,心不懶心理諮商所
臺北市大安區羅斯福路3段61號2樓,心寓心理諮商所
臺北市士林區中正路213巷44號2樓,潛意心理諮商所
臺北市大安區東豐街7號14樓,格桑美度心理諮商所
臺北市文山區羅斯福路6段297號6樓,依懷心理諮商所
臺北市文山區羅斯福路6段10號4樓之2,島語心理諮商所
臺北市內湖區成功路四段214巷2弄3號2樓,沐云心理諮商所
臺北市大安區信義路3段190號10樓,同伴心理諮商所
臺北市內湖區內湖路二段466號2樓,擁抱心藝心理諮商所
臺北市中正區北平東路20號3樓,彩虹樹心理諮商所
臺北市萬華區柳州街6號4樓,哈米思心理諮商所
臺北市中山區復興北路204號2樓,2042心理諮商所
臺北市大安區復興南路二段178號3樓,歸心心理諮商所
臺北市大安區信義路四段187號7樓,綻芯安和心理諮商所
臺北市內湖區內湖路一段607號2樓,如初薩提爾心理諮商所
臺北市中正區南昌路2段192號8樓之2,暖心泉恩心理諮商所
臺北市中山區松江路206號9樓之1,蘊寬心理諮商所
臺北市內湖區瑞光路583巷21號7樓之4之5,財團法人中華民國兒童福利聯盟基金會附設心理諮商所
臺北市信義區吳興街156巷33弄22號1樓,共渡心理諮商所
臺北市大安區忠孝東路4段183號3樓之6,立翎心理諮商所
臺北市松山區八德路4段666號6樓之1,愛牽手心理諮商所
臺北市中山區天祥路22號2樓,天光心理諮商所
臺北市松山區延吉街30巷7號3樓,劉玉文心理諮商所
臺北市中正區羅斯福路2段56號7樓,昕心理諮商所
臺北市松山區民生東路5段69巷25號1樓,象家園心理諮商所
臺北市士林區中山北路7段141巷5號4樓,我的心理諮商所
臺北市內湖區安康路261巷7號1樓,螺旋梯心理諮商所
臺北市中正區信義路2度251號7樓之1,時醞心理諮商所
臺北市松山區復興北路181號7樓之5,財團法人加惠文教基金會附設心理諮商所
臺北市大同區庫倫街37號3樓,療寓心理諮商所
臺北市信義區基隆路1段149號12樓之2,荳點心理諮商所
臺北市松山區光復北路98號9樓之1,之間心理諮商所
臺北市中正區重慶南路1段121號7樓之6,諦聽心理諮商所
臺北市中正區漢口街1段85號6樓之9,沁芳心理治療所
臺北市大安區復興南路1段380號3樓,特殊情緒心理諮商所
臺北市信義區松山路518之1號1樓,清芷心理諮商所
臺北市大安區和平東路3段1巷56號2樓,沁心理諮商所
臺北市大安區信義路4段263號11樓之5,輕輕說心理諮商所
臺北市萬華區漢口街2段51號2樓,理馨西門舘心理諮商所
臺北市中正區杭州南路1段131巷35-1號,開心心理諮商所
臺北市南港區研究院路1段99號2樓103室,華昕藝心心理諮商所
臺北市中山區大直街20巷16號,張老師基金會台北心理諮商所
臺北市中正區羅斯福路4段68號8樓之10,安然心理諮商所
臺北市大安區忠孝東路4段59號10樓之1,晴韻心理諮商所
臺北市中山區中山北路2段99號3樓之1,元思心理諮商所
臺北市中山區民生東路2段83號3樓之47,謐鏡心理諮商所
臺北市中正區重慶南路1段99號11樓之6,蘅芯心理諮商所

